<?xml version="1.0" encoding="utf-8" standalone="yes" ?>
<rss version="2.0" xmlns:atom="http://www.w3.org/2005/Atom">
  <channel>
    <title>Abnormally distributed</title>
    <link>/</link>
    <description>Recent content on Abnormally distributed</description>
    <generator>Hugo -- gohugo.io</generator>
    <language>en-us</language>
    <managingEditor>jarvm@umich.edu (Jarvis Miller)</managingEditor>
    <webMaster>jarvm@umich.edu (Jarvis Miller)</webMaster>
    <lastBuildDate>Sat, 14 Oct 2017 00:00:00 +0000</lastBuildDate>
    
	<atom:link href="/index.xml" rel="self" type="application/rss+xml" />
    
    
    <item>
      <title>Neural Nets - units and decision boundaries</title>
      <link>/2017/10/14/neural-nets-pt1/</link>
      <pubDate>Sat, 14 Oct 2017 00:00:00 +0000</pubDate>
      <author>jarvm@umich.edu (Jarvis Miller)</author>
      <guid>/2017/10/14/neural-nets-pt1/</guid>
      <description>I have an assignment that involves building a language identifier (given text, predict which language is the text from) using Neural Nets. I wanted to use this opportunity to make a few posts to cement the idea into my head. I hope you find this intuitive and helpful.
So lets talk about NN in terms of classification, when I think of neural networks, I think of applying a multi-layered system to make a decision.</description>
    </item>
    
    <item>
      <title>Exploring flight data</title>
      <link>/2017/08/17/exploring-flight-data/</link>
      <pubDate>Thu, 17 Aug 2017 00:00:00 +0000</pubDate>
      <author>jarvm@umich.edu (Jarvis Miller)</author>
      <guid>/2017/08/17/exploring-flight-data/</guid>
      <description>Background The given dataset comes from the Office of Airline Information, Bureau of Transportation Statistics (BTS). It consists of contains on-time arrival data for non-stop domestic flights by major air carriers, monthly from 1987 to 2017, and provides information such as departure and arrival delays, origin and destination airports, flight numbers, scheduled and actual departure and arrival times, canceled or diverted flights, taxi-out and taxi-in times, air time, and non-stop distance.</description>
    </item>
    
    <item>
      <title>Data from DataCamp</title>
      <link>/2017/07/30/data-from-datacamp/</link>
      <pubDate>Sun, 30 Jul 2017 00:00:00 +0000</pubDate>
      <author>jarvm@umich.edu (Jarvis Miller)</author>
      <guid>/2017/07/30/data-from-datacamp/</guid>
      <description>DataCamp boasts to be “the easiest way to learn Data Science Online” and has courses of different levels taught using R or python. I wanted to see how popular some of the courses were and which technology they used, so a quick use of rvest was required. Rvest is a package developed by Hadley Wickham that allows one to easily scrape web pages. Below is the function used to get the relative links for each course based on the technology used.</description>
    </item>
    
    <item>
      <title>GSOC III</title>
      <link>/2017/06/23/gsoc-iii/</link>
      <pubDate>Fri, 23 Jun 2017 00:00:00 +0000</pubDate>
      <author>jarvm@umich.edu (Jarvis Miller)</author>
      <guid>/2017/06/23/gsoc-iii/</guid>
      <description>This week was a busy one. Implemented most of the survey summary statistics and the jackknife to estimate their standard error. This was my first time learning about the jackknife and I thought it was an interesting topic to tell you all about. Within survey data, you tend to have strata and PSUs within the strata that make up subgroups. Now, let&amp;rsquo;s assume that we want to calculate the mean for your survey data - this entails something along the lines of</description>
    </item>
    
    <item>
      <title>GSOC II</title>
      <link>/2017/06/15/gsoc-ii/</link>
      <pubDate>Thu, 15 Jun 2017 00:00:00 +0000</pubDate>
      <author>jarvm@umich.edu (Jarvis Miller)</author>
      <guid>/2017/06/15/gsoc-ii/</guid>
      <description>Another blog post about my journey with GSOC. This week I&amp;rsquo;m implementing some summary statistics for survey data. Surrvey methodology quite resembles ordinary statistical methodology, but there are some pervasive subtleties there due to the importance of the study design for doing standard errors, tests and confidence intervals in a defensible manner. Learning what others have done to make robust analyses with their survey data is quite fun. The hard part is of course the implementation.</description>
    </item>
    
    <item>
      <title>GSOC I</title>
      <link>/2017/05/09/gsoc-i/</link>
      <pubDate>Tue, 09 May 2017 00:00:00 +0000</pubDate>
      <author>jarvm@umich.edu (Jarvis Miller)</author>
      <guid>/2017/05/09/gsoc-i/</guid>
      <description>This summer I&amp;rsquo;ll be working on implementing Survey Methods in StatsModels thanks to Google Summer of Code (GSOC). I&amp;rsquo;m excited because I took my first official programming course last semester (C++ seems to stand strong against the test of time) and get to learn more about open source software development.
I still remember the first programming course I signed up for during my freshman year at Rice. I dropped after the first week.</description>
    </item>
    
    <item>
      <title>About</title>
      <link>/about/</link>
      <pubDate>Thu, 05 May 2016 21:48:51 -0700</pubDate>
      <author>jarvm@umich.edu (Jarvis Miller)</author>
      <guid>/about/</guid>
      <description>Hey, I&amp;rsquo;m Jarvis Miller I am now a first year Statistics PhD student at University of Michigan. I&amp;rsquo;m a relatively new addict to all things Data Science and making sure that what I do is computationally feasible and able to be interpreted by a non-technical body. While being buried in homework, I try to take online courses related to computing and attempt small projects like this blog to put things into practice.</description>
    </item>
    
  </channel>
</rss>