<?xml version="1.0" encoding="utf-8" standalone="yes" ?>
<rss version="2.0" xmlns:atom="http://www.w3.org/2005/Atom">
  <channel>
    <title>Tags on Abnormally distributed</title>
    <link>/tags/</link>
    <description>Recent content in Tags on Abnormally distributed</description>
    <generator>Hugo -- gohugo.io</generator>
    <language>en-us</language>
    <managingEditor>jarvm@umich.edu (Jarvis Miller)</managingEditor>
    <webMaster>jarvm@umich.edu (Jarvis Miller)</webMaster>
    <lastBuildDate>Fri, 23 Jun 2017 00:00:00 +0000</lastBuildDate>
    
	<atom:link href="/tags/index.xml" rel="self" type="application/rss+xml" />
    
    
    <item>
      <title>Gsoc</title>
      <link>/tags/gsoc/</link>
      <pubDate>Fri, 23 Jun 2017 00:00:00 +0000</pubDate>
      <author>jarvm@umich.edu (Jarvis Miller)</author>
      <guid>/tags/gsoc/</guid>
      <description></description>
    </item>
    
    <item>
      <title>Ml</title>
      <link>/tags/ml/</link>
      <pubDate>Sat, 14 Oct 2017 00:00:00 +0000</pubDate>
      <author>jarvm@umich.edu (Jarvis Miller)</author>
      <guid>/tags/ml/</guid>
      <description></description>
    </item>
    
    <item>
      <title>Nlp</title>
      <link>/tags/nlp/</link>
      <pubDate>Sat, 14 Oct 2017 00:00:00 +0000</pubDate>
      <author>jarvm@umich.edu (Jarvis Miller)</author>
      <guid>/tags/nlp/</guid>
      <description></description>
    </item>
    
    <item>
      <title>Python</title>
      <link>/tags/python/</link>
      <pubDate>Fri, 23 Jun 2017 00:00:00 +0000</pubDate>
      <author>jarvm@umich.edu (Jarvis Miller)</author>
      <guid>/tags/python/</guid>
      <description></description>
    </item>
    
    <item>
      <title>R</title>
      <link>/tags/r/</link>
      <pubDate>Thu, 17 Aug 2017 00:00:00 +0000</pubDate>
      <author>jarvm@umich.edu (Jarvis Miller)</author>
      <guid>/tags/r/</guid>
      <description></description>
    </item>
    
    <item>
      <title>Statsmodels</title>
      <link>/tags/statsmodels/</link>
      <pubDate>Fri, 23 Jun 2017 00:00:00 +0000</pubDate>
      <author>jarvm@umich.edu (Jarvis Miller)</author>
      <guid>/tags/statsmodels/</guid>
      <description></description>
    </item>
    
  </channel>
</rss>