<?xml version="1.0" encoding="utf-8" standalone="yes" ?>
<rss version="2.0" xmlns:atom="http://www.w3.org/2005/Atom">
  <channel>
    <title>Categories on Abnormally distributed</title>
    <link>/categories/</link>
    <description>Recent content in Categories on Abnormally distributed</description>
    <generator>Hugo -- gohugo.io</generator>
    <language>en-us</language>
    <managingEditor>jarvm@umich.edu (Jarvis Miller)</managingEditor>
    <webMaster>jarvm@umich.edu (Jarvis Miller)</webMaster>
    
	<atom:link href="/categories/index.xml" rel="self" type="application/rss+xml" />
    
    
    <item>
      <title>Gsoc</title>
      <link>/categories/gsoc/</link>
      <pubDate>Fri, 23 Jun 2017 00:00:00 +0000</pubDate>
      <author>jarvm@umich.edu (Jarvis Miller)</author>
      <guid>/categories/gsoc/</guid>
      <description></description>
    </item>
    
    <item>
      <title>Ml</title>
      <link>/categories/ml/</link>
      <pubDate>Sat, 14 Oct 2017 00:00:00 +0000</pubDate>
      <author>jarvm@umich.edu (Jarvis Miller)</author>
      <guid>/categories/ml/</guid>
      <description></description>
    </item>
    
  </channel>
</rss>